,SUBREDDIT
0,30plusskincare
1,30rock
2,360waves
3,3amjokes
4,3d6
5,3dmodeling
6,3dprinting
7,3ds
8,3dshacks
9,3dspiracy
10,accountability
11,accountant
12,accounting
13,accountingblockchain
14,accountingdepartment
15,accountinghumor
16,accountingmemes
17,accountingstudenthelp
18,aimdownsights
19,aime
20,aimeegarcia
21,aimeelouwood_
22,aimeeovalles
23,aimeeteegarden
24,aimeleondore
25,aimer
26,aimlab
27,ana
28,anadearmas
29,analog
30,analogcommunity
31,analytics
32,anarchism
33,anarcho_capitalism
34,anarchy101
35,anarchychess
36,anatomy
37,arcade
38,arcade1up
39,arcadebuilds
40,arcadecabinets
41,arcadefire
42,arcadegames
43,arcadehacks
44,arcadehub
45,arcadehunter
46,arcades
47,ashe
48,ashemains
49,ashens
50,ashenthegame
51,asheronscall
52,asheruimba
53,ashesgame
54,ashesofcreation
55,asheville
56,ashevilleclassifieds
57,bronze
58,bronzeadvice
59,bronzeagecomics
60,bronzeagemindset
61,bronzeagepervert
62,bronzeclanosrs
63,bronzefive
64,bronzeoverwatch
65,bronzesculptures
66,character
67,characterarcs
68,characterconcepts
69,charactercrossovers
70,characterdesign
71,characterdesigns
72,characterdevelopment
73,characterdrawing
74,characterforge
75,characterrant
76,climbergirls
77,climberscourt
78,climbharder
79,climbing
80,climbingcirclejerk
81,climbingpartners
82,climbingporn
83,climbingvids
84,comedy
85,comedyamputation
86,comedycemetery
87,comedyflogging
88,comedyheaven
89,comedyhitmen
90,comedyhomicide
91,comedynecromancy
92,comedynecrophilia
93,comedyseizure
94,comp
95,competitivehs
96,competitiveoverwatch
97,competitivetft
98,competitivewow
99,completeanarchy
100,compsci
101,comptia
102,computers
103,computerscience
104,cyberpunkgame
105,cyberpunkgame2
106,cyberpunkgamebugs
107,cyberpunkgamepc
108,cyberpunkgames
109,deadbydaylight
110,deadbydaylightfashion
111,deadbydaylightkillers
112,deadbydaylightmobile
113,deadbydaylightrage
114,deadbydaylightswitch
115,diamond
116,diamondhands
117,diamondhedge
118,diamondhoemasterrace
119,diamondjacksonx
120,diamondpainting
121,diamondracks
122,diamonds
123,dpdr
124,dpdrmemes
125,dpdt
126,dpgifs
127,dph
128,dpls
129,dprk
130,dpsbookclub
131,easy
132,easy_german
133,easy_ukulele
134,easyfatlossprogram
135,easyfix
136,easyketomeal
137,easyketorecipes
138,easyrecipes
139,feel
140,feelbadnews
141,feelgood
142,feelingdominant
143,feelings
144,feels
145,feelsbadman
146,feelslikethefirsttime
147,feelthebern
148,feelygifs
149,figure_1
150,figurecollection
151,figuredrawing
152,figureheads
153,figuremeout
154,figures
155,figureskating
156,figureskatingonwheels
157,figuresnews
158,friend
159,friendlyarchitecture
160,friendlyjordies
161,friends_tv_show
162,friendsafari
163,friendship
164,friendshipadvice
165,friendsofthepod
166,friendsover40
167,friendzone
168,game
169,gamedeals
170,gamedev
171,gamegrumps
172,gameofthrones
173,gamephysics
174,gamernews
175,games
176,gametheorists
177,girlgamers
178,girlgamersaustralia
179,girlgamerscirclejerk
180,girlgamershay
181,gold
182,goldandblack
183,goldbenefits
184,goldcoast
185,goldendoodles
186,goldenkamuy
187,goldenknights
188,goldenretrievers
189,goldfish
190,goldreplies
191,hardcore
192,hardcoreaww
193,hardcorenature
194,hardscience
195,hardstyle
196,hardware
197,hardwaregore
198,hardwareswap
199,hardwareswapuk
200,help
201,helpdesk
202,helpit
203,helpme
204,helpmecope
205,helpmefind
206,helpmefindthis
207,helpmeimpoor
208,helpmewin
209,hitanimals
210,hitboxgore
211,hitboxporn
212,hitboxpornirl
213,hitchhiking
214,hitfilm
215,hitman
216,hitmanimals
217,hitsworthturkingfor
218,hittablefaces
219,huntshowdown
220,leaksdbd
221,learnart
222,learnjapanese
223,learnjavascript
224,learnmachinelearning
225,learnmath
226,learnprogramming
227,learnpython
228,learntodraw
229,learnuselesstalents
230,level
231,level13
232,level1techs
233,level20
234,leveldesign
235,leveledupidiots
236,levelhead
237,levelupnorge
238,lol
239,lolcats
240,lolesports
241,loleventvods
242,lolfanart
243,lolgrindr
244,lolita
245,lolitary
246,loltyler1
247,lookatmydog
248,lookatmygirlfriend
249,lookatmyhalo
250,lookatmypenis
251,lookimafirefighter
252,lookismcomic
253,lookoftheday
254,lookscool
255,lookyourbest
256,love
257,loveafterlockup
258,lovecraft
259,lovedeathandrobots
260,loveisblindonnetflix
261,loveislandtv
262,lovelive
263,lovememes
264,lovenikki
265,low_poly
266,lowaltitudejets
267,lowbatterysounds
268,lowcarb
269,lowendgaming
270,lowkeythickness
271,lowpoly
272,lowsodiumcyberpunk
273,lowsodiumdestiny
274,lowstakesconspiracies
275,maine
276,mainecoon
277,mainecoons
278,mainetrees
279,mainframe
280,maingaining
281,mainlander
282,mainstreetcrypto
283,maintenance
284,mainz
285,make
286,makemesuffer
287,makenewfriendshere
288,makeup
289,makeupaddiction
290,makeupaddictionuk
291,makeupexchange
292,makeuplounge
293,makeuporganization
294,makeuprehab
295,match
296,match21
297,match_of_the_day
298,matcha
299,matchbox
300,matchboxtwenty
301,matchedbetting
302,matchedbettinguk
303,matchland
304,mean
305,meandmyshadow
306,meandromeda
307,meandtheboysmemes
308,meangirls
309,meaniegenie
310,meanstack
311,meanstv
312,meanwhileinrussia
313,mercy
314,mercycest
315,mercyhurstuniversity
316,mercyirl
317,mercymain
318,mercymains
319,mercymaker
320,mercyrollouts
321,mercythompson
322,nice
323,nicechips
324,nicegirls
325,niceguys
326,niceguysdiscussion
327,niceguystories
328,nicehash
329,nicesaveouija
330,nicetrybutno
331,ohio
332,ohioliquor
333,ohiomarijuana
334,ohiostatefootball
335,ohitllbefine
336,ohlawdhecomin
337,ohyoutatted
338,openbsd
339,openchristian
340,opendirectories
341,opendogtraining
342,opensignups
343,opensouls3
344,opensource
345,opensuse
346,openttd
347,openwrt
348,overwatch
349,overwatch2
350,overwatch_fanart
351,overwatch_memes
352,overwatchcirclejerk
353,overwatchleague
354,overwatchlft
355,overwatchtmz
356,overwatchuniversity
357,overwatchworkshop
358,place
359,place2
360,placeatlas
361,placebo
362,placelearning
363,placenostalgia
364,places
365,placesfromgames
366,placesnowhere
367,placestart
368,platelets
369,platformer
370,platformindustry
371,plating
372,platinumend
373,plato
374,platoapp
375,platypus
376,play
377,playark
378,playavengers
379,playboicarti
380,player3hasjoined
381,playerinsidereddit
382,playerschampionship
383,playerschampionship4k
384,playertodev
385,playertrends
386,playertwo
387,playerunknownbg
388,playeruphelp
389,playitagainsam
390,playmygame
391,playrust
392,playstation
393,playstationplus
394,playtemtem
395,pointandclick
396,pointcrow
397,pointless_arguments
398,pointlessarguments
399,pointlesslygendered
400,pointlessstories
401,pointsplus
402,pointsprizes
403,pointytailedkittens
404,queueingporn
405,queueporn
406,queuetheq
407,queuethewho
408,rank10trains
409,rankcels
410,rankedabsolver
411,rankedboostofficial
412,rankedchoicevoting
413,rankingball
414,ranknode
415,rankt
416,rankthehotties
417,rankthevote
418,razer
419,razerbladestealth
420,razerkishi
421,razerphone
422,razersupport
423,right
424,rightcantmeme
425,rightcringe
426,righteousgemstones
427,rightistvexillology
428,rightstufanime
429,righttodie
430,rightwingbdsm
431,rightytighty
432,role
433,rolenespanol
434,roleplay
435,roleplaygateway
436,roleplaygroups
437,roleplaying
438,roleplayingforreddit
439,roleplaypartnersearch
440,rolereversal
441,rolex
442,run
443,runefactory
444,runescape
445,running
446,runningcirclejerk
447,runninglifestyle
448,runningman
449,runningmusic
450,runningwithdogs
451,runthejewels
452,shooter
453,shooting
454,shooting_stars
455,shootingcars
456,shootingfishinabarrel
457,shootingstarsmeme
458,shootingtalk
459,shootingtrips
460,shootmania
461,shootoff
462,silverado
463,silverbugs
464,silvercasting
465,silverdeals
466,silverhair
467,silversmith
468,silverspring
469,silversqueeze
470,silvervale
471,sims4
472,sims4cc
473,sims4challenges
474,sims4cheats
475,sims4console
476,sims4customcontent
477,sims4storytelling
478,sims4streamers
479,sims4suggestions
480,sims4talent
481,skill
482,skill4ltu
483,skilledidiotsincars
484,skilledtrades
485,skilledtradeshub
486,skillet
487,skillshare
488,skillsurfing
489,skillswithphil
490,skillzplayers
491,sr71
492,sraweekend
493,sre
494,srgrafo
495,srgroup
496,srilanka
497,srsdiscussion
498,srsgaming
499,srssucks
500,starterpack
501,starterpacks
502,startingstrength
503,startledcats
504,startrek
505,startrekdiscovery
506,startrekgifs
507,startup
508,startup_ideas
509,startups
510,support
511,supportcel
512,supporters
513,supportformen
514,supportfortheaccused
515,supportivewaifus
516,supportlol
517,supportmains
518,swapdoodle
519,swapity
520,swapmeet
521,swapnote
522,swaponline
523,swappingnudesm2f
524,swapynetwork
525,swapzilla
526,takeaplantleaveaplant
527,takeawaymywilltolive
528,takebackgravityfalls
529,takecareofmyplant
530,takecareofourplants
531,takemyonlineclass
532,takemysurvey
533,takeonestepforward
534,takeusonajourney
535,tank
536,tankideologyman
537,tankiejerk
538,tankmemes
539,tankporn
540,tankpornmemes
541,tanks
542,tanksbeingbros
543,tanktop
544,tanktopgirls
545,teamevga
546,teamfighttactics
547,teamfourstar
548,teamliquid
549,teamquadrant
550,teamredditteams
551,teamrkt
552,teamsesh
553,teamsolomid
554,teamtrees
555,time
556,timelapse
557,timemanagement
558,timeshiftedmemes
559,timetolegalize
560,timetravel
561,timetravelercaught
562,timetravelsteve
563,true
564,trueaskreddit
565,truechildfree
566,truecrime
567,truecrimediscussion
568,truecrimepodcasts
569,truefilm
570,truegaming
571,trueoffmychest
572,truereddit
573,valorant
574,valorant_lfg
575,valorantclips
576,valorantcompetitive
577,valoranteu
578,valorantmaster
579,valorantmemes
580,valoranttechsupport
581,valorantvisuals
582,watch_dogs
583,watchandlearn
584,watchdogswoofinside
585,watches
586,watchexchange
587,watchpeopledieinside
588,watchpeoplesurvive
589,watchredditdie
590,watchthingsfly
591,widowdarkthirty
592,widowed
593,widowers
594,widowmakermains
595,widowmakermasterrace
596,widowmakerrollouts
597,widowmakers
598,windows
599,windows10
600,windowsphone
601,windygirk
602,wine
603,winemaking
604,winnipeg
605,winstupidprizes
606,winterporn
607,work
608,workaholics
609,workbenches
610,workchronicles
611,workingmoms
612,workonline
613,workout
614,workoutgirls
615,workouts
616,workspaces
